{
  "best_params": {
    "classifier__criterion": "entropy",
    "classifier__max_depth": 5,
    "classifier__min_samples_leaf": 4,
    "classifier__min_samples_split": 10
  },
  "decision_tree": {
    "accuracy": 0.6721,
    "precision": 0.7097,
    "recall": 0.6667,
    "f1_score": 0.6875
  },
  "expert_system": {
    "accuracy": 0.2459,
    "precision": 0.2593,
    "recall": 0.2121,
    "f1_score": 0.2333
  },
  "classification_report": {
    "0": {
      "precision": 0.6333333333333333,
      "recall": 0.6785714285714286,
      "f1-score": 0.6551724137931034,
      "support": 28.0
    },
    "1": {
      "precision": 0.7096774193548387,
      "recall": 0.6666666666666666,
      "f1-score": 0.6875,
      "support": 33.0
    },
    "accuracy": 0.6721311475409836,
    "macro avg": {
      "precision": 0.671505376344086,
      "recall": 0.6726190476190477,
      "f1-score": 0.6713362068965517,
      "support": 61.0
    },
    "weighted avg": {
      "precision": 0.674634232328574,
      "recall": 0.6721311475409836,
      "f1-score": 0.6726611079706049,
      "support": 61.0
    }
  }
}